Time,Deal,Symbol,Type,Direction,Volume,Price,Order,Commission,Swap,Profit,Balance,Comment
2023.01.01 00:00:00,1,,balance,,,,,0.00,0.00,3 000.00,3 000.00,
2023.01.05 16:00:00,2,XAUUSD,buy,in,0.03,1834.83,2,-0.11,0.00,0.00,2 999.89,
2023.01.06 11:20:36,3,XAUUSD,sell,out,0.03,1834.82,3,-0.11,-1.56,-0.03,2 998.19,sl 1834.83
2023.01.18 13:00:04,4,XAUUSD,sell,in,0.04,1914.41,4,-0.14,0.00,0.00,2 998.05,
2023.01.18 23:50:06,5,XAUUSD,buy,out,0.04,1903.95,5,-0.14,0.00,41.84,3 039.75,
2023.01.25 12:00:03,6,XAUUSD,buy,in,0.04,1927.97,6,-0.14,0.00,0.00,3 039.61,
2023.01.25 23:50:05,7,XAUUSD,sell,out,0.04,1946.23,7,-0.14,0.00,73.04,3 112.51,
2023.01.26 17:56:34,8,XAUUSD,buy,in,0.03,1923.36,8,-0.11,0.00,0.00,3 112.40,
2023.01.26 23:50:05,9,XAUUSD,sell,out,0.03,1929.53,9,-0.11,0.00,18.51,3 130.80,
2023.01.31 21:01:33,10,XAUUSD,sell,in,0.02,1929.99,10,-0.07,0.00,0.00,3 130.73,
2023.01.31 23:50:07,11,XAUUSD,buy,out,0.02,1928.27,11,-0.07,0.00,3.44,3 134.10,
2023.02.02 19:00:07,12,XAUUSD,buy,in,0.02,1918.44,12,-0.07,0.00,0.00,3 134.03,
2023.02.03 15:34:46,13,XAUUSD,sell,out,0.02,1894.19,13,-0.07,-1.04,-48.50,3 084.42,sl 1894.71
2023.02.08 10:00:06,14,XAUUSD,sell,in,0.03,1885.36,14,-0.11,0.00,0.00,3 084.31,
2023.02.08 23:50:07,15,XAUUSD,buy,out,0.03,1875.87,15,-0.11,0.00,28.47,3 112.67,
2023.02.09 19:29:33,16,XAUUSD,buy,in,0.03,1872.46,16,-0.11,0.00,0.00,3 112.56,
2023.02.13 18:42:59,17,XAUUSD,sell,out,0.03,1852.09,17,-0.11,-3.12,-61.11,3 048.22,sl 1852.09
2023.02.14 15:33:37,18,XAUUSD,sell,in,0.03,1869.35,18,-0.11,0.00,0.00,3 048.11,
2023.02.14 17:05:53,19,XAUUSD,buy,out,0.03,1863.21,19,-0.11,0.00,18.42,3 066.42,sl 1862.70
2023.02.17 22:00:01,20,XAUUSD,sell,in,0.03,1842.93,20,-0.11,0.00,0.00,3 066.31,
2023.02.17 23:50:07,21,XAUUSD,buy,out,0.03,1842.05,21,-0.11,0.00,2.64,3 068.84,
2023.02.22 14:33:09,22,XAUUSD,sell,in,0.04,1844.88,22,-0.14,0.00,0.00,3 068.70,
2023.02.22 23:50:03,23,XAUUSD,buy,out,0.04,1825.11,23,-0.14,0.00,79.08,3 147.64,
2023.02.28 18:00:02,24,XAUUSD,sell,in,0.04,1824.67,24,-0.14,0.00,0.00,3 147.50,
2023.03.01 14:31:55,25,XAUUSD,buy,out,0.04,1838.70,25,-0.14,1.79,-56.12,3 093.03,sl 1838.69
2023.03.09 17:00:03,26,XAUUSD,sell,in,0.05,1831.36,26,-0.18,0.00,0.00,3 092.85,
2023.03.09 23:50:03,27,XAUUSD,buy,out,0.05,1830.98,27,-0.18,0.00,1.90,3 094.57,
2023.03.21 17:00:04,28,XAUUSD,buy,in,0.03,1952.30,28,-0.11,0.00,0.00,3 094.46,
2023.03.22 22:08:55,29,XAUUSD,sell,out,0.03,1955.55,29,-0.11,-1.56,9.75,3 102.54,sl 1955.67
2023.03.27 03:00:01,30,XAUUSD,buy,in,0.02,1975.71,30,-0.07,0.00,0.00,3 102.47,
2023.03.27 13:38:55,31,XAUUSD,sell,out,0.02,1950.26,31,-0.07,0.00,-50.90,3 051.50,sl 1950.26
2023.03.28 21:00:00,32,XAUUSD,sell,in,0.03,1974.61,32,-0.11,0.00,0.00,3 051.39,
2023.03.28 23:50:08,33,XAUUSD,buy,out,0.03,1973.70,33,-0.11,0.00,2.73,3 054.01,
2023.03.29 10:00:05,34,XAUUSD,buy,in,0.05,1961.82,34,-0.18,0.00,0.00,3 053.83,
2023.03.29 16:18:50,35,XAUUSD,sell,out,0.05,1961.79,35,-0.18,0.00,-0.15,3 053.50,sl 1961.82
2023.03.29 16:18:56,36,XAUUSD,buy,in,0.04,1961.66,36,-0.14,0.00,0.00,3 053.36,
2023.03.29 18:58:00,37,XAUUSD,sell,out,0.04,1961.50,37,-0.14,0.00,-0.64,3 052.58,sl 1961.66
2023.03.29 18:58:01,38,XAUUSD,buy,in,0.03,1961.54,38,-0.11,0.00,0.00,3 052.47,
2023.03.29 22:44:14,39,XAUUSD,sell,out,0.03,1961.53,39,-0.11,0.00,-0.03,3 052.33,sl 1961.54
2023.03.30 12:01:54,40,XAUUSD,sell,in,0.04,1968.28,40,-0.14,0.00,0.00,3 052.19,
2023.03.30 19:28:18,41,XAUUSD,buy,out,0.04,1980.57,41,-0.14,0.00,-49.16,3 002.89,sl 1980.57
2023.04.03 01:20:14,42,XAUUSD,buy,in,0.02,1960.90,42,-0.07,0.00,0.00,3 002.82,
2023.04.03 23:50:03,43,XAUUSD,sell,out,0.02,1984.29,43,-0.07,0.00,46.78,3 049.53,
2023.04.06 22:25:27,44,XAUUSD,buy,in,0.03,2007.29,44,-0.11,0.00,0.00,3 049.42,
2023.04.06 23:50:03,45,XAUUSD,sell,out,0.03,2007.30,45,-0.11,0.00,0.03,3 049.34,
2023.04.11 13:00:03,46,XAUUSD,sell,in,0.05,2004.51,46,-0.18,0.00,0.00,3 049.16,
2023.04.11 17:35:49,47,XAUUSD,buy,out,0.05,2004.51,47,-0.18,0.00,0.00,3 048.98,sl 2004.51
2023.04.14 18:00:04,48,XAUUSD,buy,in,0.02,1998.00,48,-0.07,0.00,0.00,3 048.91,
2023.04.14 23:50:04,49,XAUUSD,sell,out,0.02,2004.20,49,-0.07,0.00,12.40,3 061.24,
2023.04.20 13:30:02,50,XAUUSD,sell,in,0.04,2004.42,50,-0.14,0.00,0.00,3 061.10,
2023.04.20 15:30:18,51,XAUUSD,buy,out,0.04,2004.50,51,-0.14,0.00,-0.32,3 060.64,sl 2004.42
2023.04.21 09:30:22,52,XAUUSD,buy,in,0.04,1987.62,52,-0.14,0.00,0.00,3 060.50,
2023.04.21 16:45:55,53,XAUUSD,sell,out,0.04,1987.39,53,-0.14,0.00,-0.92,3 059.44,sl 1987.62
2023.04.25 02:00:00,54,XAUUSD,sell,in,0.04,1992.66,54,-0.14,0.00,0.00,3 059.30,
2023.04.25 15:46:18,55,XAUUSD,buy,out,0.04,1991.38,55,-0.14,0.00,5.12,3 064.28,sl 1991.14
2023.04.25 15:50:14,56,XAUUSD,sell,in,0.02,1994.24,56,-0.07,0.00,0.00,3 064.21,
2023.04.25 20:24:51,57,XAUUSD,buy,out,0.02,1994.26,57,-0.07,0.00,-0.04,3 064.10,sl 1994.24
2023.04.26 21:09:40,58,XAUUSD,buy,in,0.03,1986.69,58,-0.11,0.00,0.00,3 063.99,
2023.04.26 23:50:01,59,XAUUSD,sell,out,0.03,1988.92,59,-0.11,0.00,6.69,3 070.57,
2023.04.27 05:40:15,60,XAUUSD,sell,in,0.03,1998.53,60,-0.11,0.00,0.00,3 070.46,
2023.04.27 23:50:08,61,XAUUSD,buy,out,0.03,1987.68,61,-0.11,0.00,32.55,3 102.90,
2023.05.01 15:36:19,62,XAUUSD,sell,in,0.03,2003.93,62,-0.11,0.00,0.00,3 102.79,
2023.05.01 23:50:00,63,XAUUSD,buy,out,0.03,1981.80,63,-0.11,0.00,66.39,3 169.07,
2023.05.02 17:00:09,64,XAUUSD,sell,in,0.05,1990.67,64,-0.18,0.00,0.00,3 168.89,
2023.05.02 17:20:40,65,XAUUSD,buy,out,0.05,2002.10,65,-0.18,0.00,-57.15,3 111.56,sl 2002.05
2023.05.05 16:00:05,66,XAUUSD,buy,in,0.03,2011.85,66,-0.11,0.00,0.00,3 111.45,
2023.05.05 23:50:03,67,XAUUSD,sell,out,0.03,2016.67,67,-0.11,0.00,14.46,3 125.80,
2023.05.09 13:17:48,68,XAUUSD,sell,in,0.06,2030.44,68,-0.21,0.00,0.00,3 125.59,
2023.05.09 16:59:55,69,XAUUSD,buy,out,0.06,2030.51,69,-0.21,0.00,-0.42,3 124.96,sl 2030.44
2023.05.23 22:00:05,70,XAUUSD,sell,in,0.03,1976.29,70,-0.11,0.00,0.00,3 124.85,
2023.05.23 23:50:05,71,XAUUSD,buy,out,0.03,1974.96,71,-0.11,0.00,3.99,3 128.73,
2023.05.24 19:00:08,72,XAUUSD,buy,in,0.03,1962.53,72,-0.11,0.00,0.00,3 128.62,
2023.05.25 15:38:34,73,XAUUSD,sell,out,0.03,1944.79,73,-0.11,-4.67,-53.22,3 070.62,sl 1944.86
2023.05.30 14:33:28,74,XAUUSD,sell,in,0.03,1958.92,74,-0.11,0.00,0.00,3 070.51,
2023.05.31 17:42:04,75,XAUUSD,buy,out,0.03,1974.00,75,-0.11,1.34,-45.24,3 026.50,sl 1974.00
2023.06.02 19:07:59,76,XAUUSD,buy,in,0.03,1958.33,76,-0.11,0.00,0.00,3 026.39,
2023.06.05 10:42:40,77,XAUUSD,sell,out,0.03,1941.20,77,-0.11,-1.56,-51.39,2 973.33,sl 1941.20
2023.06.06 02:00:17,78,XAUUSD,sell,in,0.03,1962.52,78,-0.11,0.00,0.00,2 973.22,
2023.06.06 12:30:34,79,XAUUSD,buy,out,0.03,1962.60,79,-0.11,0.00,-0.24,2 972.87,sl 1962.52
2023.06.12 04:52:40,80,XAUUSD,buy,in,0.04,1955.81,80,-0.14,0.00,0.00,2 972.73,
2023.06.12 16:20:47,81,XAUUSD,sell,out,0.04,1958.25,81,-0.14,0.00,9.76,2 982.35,sl 1958.37
2023.06.13 08:00:06,82,XAUUSD,sell,in,0.06,1960.92,82,-0.21,0.00,0.00,2 982.14,
2023.06.13 15:30:10,83,XAUUSD,buy,out,0.06,1961.10,83,-0.21,0.00,-1.08,2 980.85,sl 1960.92
2023.06.15 20:00:05,84,XAUUSD,sell,in,0.02,1959.48,84,-0.07,0.00,0.00,2 980.78,
2023.06.15 23:50:06,85,XAUUSD,buy,out,0.02,1958.02,85,-0.07,0.00,2.92,2 983.63,
2023.06.26 06:10:02,86,XAUUSD,sell,in,0.04,1925.60,86,-0.14,0.00,0.00,2 983.49,
2023.06.26 23:50:03,87,XAUUSD,buy,out,0.04,1923.31,87,-0.14,0.00,9.16,2 992.51,
2023.06.27 15:00:10,88,XAUUSD,buy,in,0.05,1923.43,88,-0.18,0.00,0.00,2 992.33,
2023.06.27 16:55:41,89,XAUUSD,sell,out,0.05,1923.38,89,-0.18,0.00,-0.25,2 991.90,sl 1923.43
2023.06.30 18:00:05,90,XAUUSD,sell,in,0.04,1915.84,90,-0.14,0.00,0.00,2 991.76,
2023.07.03 15:34:03,91,XAUUSD,buy,out,0.04,1915.84,91,-0.14,1.79,0.00,2 993.41,sl 1915.84
2023.07.07 15:30:17,92,XAUUSD,sell,in,0.05,1927.87,92,-0.18,0.00,0.00,2 993.23,
2023.07.07 16:44:01,93,XAUUSD,buy,out,0.05,1925.70,93,-0.18,0.00,10.85,3 003.90,sl 1925.68
2023.07.07 16:44:06,94,XAUUSD,sell,in,0.04,1925.41,94,-0.14,0.00,0.00,3 003.76,
2023.07.07 23:50:05,95,XAUUSD,buy,out,0.04,1925.38,95,-0.14,0.00,0.12,3 003.74,
2023.07.20 19:15:52,96,XAUUSD,buy,in,0.03,1966.99,96,-0.11,0.00,0.00,3 003.63,
2023.07.20 23:50:05,97,XAUUSD,sell,out,0.03,1969.58,97,-0.11,0.00,7.77,3 011.29,
2023.07.31 15:31:20,98,XAUUSD,sell,in,0.05,1964.48,98,-0.18,0.00,0.00,3 011.11,
2023.08.01 23:50:08,99,XAUUSD,buy,out,0.05,1944.28,99,-0.18,2.24,101.00,3 114.17,
2023.08.07 10:37:25,100,XAUUSD,buy,in,0.07,1935.91,100,-0.25,0.00,0.00,3 113.92,
2023.08.07 16:55:49,101,XAUUSD,sell,out,0.07,1935.91,101,-0.25,0.00,0.00,3 113.67,sl 1935.91
2023.08.21 23:00:04,102,XAUUSD,sell,in,0.05,1894.41,102,-0.18,0.00,0.00,3 113.49,
2023.08.23 15:27:24,103,XAUUSD,buy,out,0.05,1906.59,103,-0.18,4.48,-60.90,3 056.89,sl 1906.53
2023.08.25 18:00:12,104,XAUUSD,buy,in,0.04,1905.27,104,-0.14,0.00,0.00,3 056.75,
2023.08.25 23:50:08,105,XAUUSD,sell,out,0.04,1914.80,105,-0.14,0.00,38.12,3 094.73,
2023.08.28 01:02:15,106,XAUUSD,sell,in,0.04,1915.60,106,-0.14,0.00,0.00,3 094.59,
2023.08.29 17:04:24,107,XAUUSD,buy,out,0.04,1929.71,107,-0.14,1.79,-56.44,3 039.80,sl 1929.67
2023.09.04 16:35:59,108,XAUUSD,buy,in,0.08,1938.11,108,-0.28,0.00,0.00,3 039.52,
2023.09.05 13:06:48,109,XAUUSD,sell,out,0.08,1930.52,109,-0.28,-4.15,-60.72,2 974.37,sl 1930.52
2023.09.08 07:00:06,110,XAUUSD,sell,in,0.07,1924.98,110,-0.25,0.00,0.00,2 974.12,
2023.09.08 16:50:18,111,XAUUSD,buy,out,0.07,1925.00,111,-0.25,0.00,-0.14,2 973.73,sl 1924.98
2023.09.08 19:03:24,112,XAUUSD,buy,in,0.05,1919.19,112,-0.18,0.00,0.00,2 973.55,
2023.09.08 23:50:02,113,XAUUSD,sell,out,0.05,1919.20,113,-0.18,0.00,0.05,2 973.42,
2023.09.11 08:00:07,114,XAUUSD,sell,in,0.07,1926.42,114,-0.25,0.00,0.00,2 973.17,
2023.09.11 23:50:01,115,XAUUSD,buy,out,0.07,1922.54,115,-0.25,0.00,27.16,3 000.08,
2023.09.15 05:00:12,116,XAUUSD,sell,in,0.04,1915.58,116,-0.14,0.00,0.00,2 999.94,
2023.09.15 17:01:12,117,XAUUSD,buy,out,0.04,1927.93,117,-0.14,0.00,-49.40,2 950.40,sl 1927.85
2023.09.21 04:00:44,118,XAUUSD,buy,in,0.03,1925.02,118,-0.11,0.00,0.00,2 950.29,
2023.09.21 11:47:26,119,XAUUSD,sell,out,0.03,1924.96,119,-0.11,0.00,-0.18,2 950.00,sl 1925.02
2023.09.22 18:00:06,120,XAUUSD,sell,in,0.07,1928.34,120,-0.25,0.00,0.00,2 949.75,
2023.09.22 23:50:03,121,XAUUSD,buy,out,0.07,1925.38,121,-0.25,0.00,20.72,2 970.22,
2023.10.31 20:22:08,122,XAUUSD,buy,in,0.03,1985.06,122,-0.11,0.00,0.00,2 970.11,
2023.11.01 18:00:33,123,XAUUSD,sell,out,0.03,1984.92,123,-0.11,-1.56,-0.42,2 968.02,sl 1985.06
2023.11.02 13:00:07,124,XAUUSD,sell,in,0.06,1988.45,124,-0.21,0.00,0.00,2 967.81,
2023.11.02 23:50:07,125,XAUUSD,buy,out,0.06,1985.53,125,-0.21,0.00,17.52,2 985.12,
2023.11.06 07:00:13,126,XAUUSD,buy,in,0.04,1983.60,126,-0.14,0.00,0.00,2 984.98,
2023.11.06 17:35:03,127,XAUUSD,sell,out,0.04,1983.60,127,-0.14,0.00,0.00,2 984.84,sl 1983.60
2023.11.20 14:00:06,128,XAUUSD,buy,in,0.04,1973.36,128,-0.14,0.00,0.00,2 984.70,
2023.11.20 23:50:17,129,XAUUSD,sell,out,0.04,1977.48,129,-0.14,0.00,16.48,3 001.04,
2023.11.21 02:00:05,130,XAUUSD,sell,in,0.04,1981.10,130,-0.14,0.00,0.00,3 000.90,
2023.11.21 15:20:24,131,XAUUSD,buy,out,0.04,1994.76,131,-0.14,0.00,-54.64,2 946.12,sl 1994.75
2023.11.23 01:02:00,132,XAUUSD,buy,in,0.04,1989.84,132,-0.14,0.00,0.00,2 945.98,
2023.11.27 23:50:04,133,XAUUSD,sell,out,0.04,2014.00,133,-0.14,-4.16,96.64,3 038.32,
2023.12.04 18:00:03,134,XAUUSD,buy,in,0.01,2022.16,134,-0.04,0.00,0.00,3 038.28,
2023.12.04 23:50:01,135,XAUUSD,sell,out,0.01,2030.17,135,-0.04,0.00,8.01,3 046.25,
2023.12.07 11:16:07,136,XAUUSD,sell,in,0.05,2033.60,136,-0.18,0.00,0.00,3 046.07,
2023.12.07 23:50:17,137,XAUUSD,buy,out,0.05,2028.77,137,-0.18,0.00,24.15,3 070.04,
2023.12.08 11:00:09,138,XAUUSD,buy,in,0.06,2028.25,138,-0.21,0.00,0.00,3 069.83,
2023.12.08 15:30:27,139,XAUUSD,sell,out,0.06,2019.03,139,-0.21,0.00,-55.32,3 014.30,sl 2019.23
2023.12.18 01:29:04,140,XAUUSD,buy,in,0.03,2018.00,140,-0.11,0.00,0.00,3 014.19,
2023.12.18 23:50:06,141,XAUUSD,sell,out,0.03,2027.22,141,-0.11,0.00,27.66,3 041.74,
2023.12.19 06:00:21,142,XAUUSD,buy,in,0.04,2023.07,142,-0.14,0.00,0.00,3 041.60,
2023.12.19 23:50:03,143,XAUUSD,sell,out,0.04,2040.27,143,-0.14,0.00,68.80,3 110.26,
2023.12.20 23:33:35,144,XAUUSD,buy,in,0.04,2028.21,144,-0.14,0.00,0.00,3 110.12,
2023.12.20 23:50:01,145,XAUUSD,sell,out,0.04,2029.44,145,-0.14,0.00,4.92,3 114.90,
2023.12.28 23:36:53,146,XAUUSD,buy,in,0.03,2064.93,146,-0.11,0.00,0.00,3 114.79,
2023.12.28 23:50:01,147,XAUUSD,sell,out,0.03,2065.05,147,-0.11,0.00,0.36,3 115.04,
2023.12.29 01:02:04,148,XAUUSD,buy,in,0.03,2067.08,148,-0.11,0.00,0.00,3 114.93,
2023.12.29 11:50:02,149,XAUUSD,sell,out,0.03,2067.08,149,-0.11,0.00,0.00,3 114.82,sl 2067.08
2024.01.02 08:00:05,150,XAUUSD,sell,in,0.04,2074.89,150,-0.14,0.00,0.00,3 114.68,
2024.01.02 23:50:07,151,XAUUSD,buy,out,0.04,2059.19,151,-0.14,0.00,62.80,3 177.34,
2024.01.09 16:09:00,152,XAUUSD,sell,in,0.04,2040.00,152,-0.14,0.00,0.00,3 177.20,
2024.01.09 23:50:16,153,XAUUSD,buy,out,0.04,2030.02,153,-0.14,0.00,39.92,3 216.98,
2024.01.11 09:02:11,154,XAUUSD,sell,in,0.06,2034.04,154,-0.21,0.00,0.00,3 216.77,
2024.01.11 15:34:00,155,XAUUSD,buy,out,0.06,2034.23,155,-0.21,0.00,-1.14,3 215.42,sl 2034.04
2024.01.11 16:03:10,156,XAUUSD,buy,in,0.04,2028.64,156,-0.14,0.00,0.00,3 215.28,
2024.01.11 18:36:19,157,XAUUSD,sell,out,0.04,2015.23,157,-0.14,0.00,-53.64,3 161.50,sl 2015.24
2024.01.12 04:00:04,158,XAUUSD,sell,in,0.02,2034.00,158,-0.07,0.00,0.00,3 161.43,
2024.01.12 16:02:17,159,XAUUSD,buy,out,0.02,2058.36,159,-0.07,0.00,-48.72,3 112.64,sl 2058.17
2024.01.16 12:00:07,160,XAUUSD,buy,in,0.06,2041.65,160,-0.21,0.00,0.00,3 112.43,
2024.01.16 15:17:13,161,XAUUSD,sell,out,0.06,2031.59,161,-0.21,0.00,-60.36,3 051.86,sl 2031.61
2024.01.19 03:00:00,162,XAUUSD,sell,in,0.05,2023.18,162,-0.18,0.00,0.00,3 051.68,
2024.01.19 14:45:29,163,XAUUSD,buy,out,0.05,2035.20,163,-0.18,0.00,-60.10,2 991.40,sl 2035.20
2024.01.22 11:00:08,164,XAUUSD,buy,in,0.05,2022.04,164,-0.18,0.00,0.00,2 991.22,
2024.01.22 15:50:06,165,XAUUSD,sell,out,0.05,2022.00,165,-0.18,0.00,-0.20,2 990.84,sl 2022.04
2024.01.24 08:02:23,166,XAUUSD,buy,in,0.06,2023.82,166,-0.21,0.00,0.00,2 990.63,
2024.01.24 16:45:00,167,XAUUSD,sell,out,0.06,2026.13,167,-0.21,0.00,13.86,3 004.28,sl 2026.38
2024.01.24 18:06:52,168,XAUUSD,buy,in,0.03,2014.04,168,-0.11,0.00,0.00,3 004.17,
2024.01.24 23:54:40,169,XAUUSD,sell,out,0.03,2014.07,169,-0.11,0.00,0.09,3 004.15,
2024.01.26 06:00:05,170,XAUUSD,sell,in,0.04,2021.96,170,-0.14,0.00,0.00,3 004.01,
2024.01.26 23:50:04,171,XAUUSD,buy,out,0.04,2018.71,171,-0.14,0.00,13.00,3 016.87,
2024.02.01 15:00:02,172,XAUUSD,buy,in,0.04,2034.48,172,-0.14,0.00,0.00,3 016.73,
2024.02.01 23:50:07,173,XAUUSD,sell,out,0.04,2055.11,173,-0.14,0.00,82.52,3 099.11,
2024.02.06 19:02:45,174,XAUUSD,sell,in,0.04,2036.72,174,-0.14,0.00,0.00,3 098.97,
2024.02.06 23:50:03,175,XAUUSD,buy,out,0.04,2035.92,175,-0.14,0.00,3.20,3 102.03,
2024.02.13 13:00:04,176,XAUUSD,sell,in,0.1,2026.66,176,-0.35,0.00,0.00,3 101.68,
2024.02.13 15:47:26,177,XAUUSD,buy,out,0.1,2008.70,177,-0.35,0.00,179.60,3 280.93,tp 2009.57
2024.02.13 15:47:31,178,XAUUSD,buy,in,0.05,2008.68,178,-0.18,0.00,0.00,3 280.75,
2024.02.13 16:32:23,179,XAUUSD,sell,out,0.05,1996.14,179,-0.18,0.00,-62.70,3 217.87,sl 1996.19
2024.02.15 17:00:01,180,XAUUSD,sell,in,0.06,2004.27,180,-0.21,0.00,0.00,3 217.66,
2024.02.15 19:54:44,181,XAUUSD,buy,out,0.06,2004.35,181,-0.21,0.00,-0.48,3 216.97,sl 2004.27
2024.02.15 19:54:44,182,XAUUSD,sell,in,0.05,2004.24,182,-0.18,0.00,0.00,3 216.79,
2024.02.16 15:52:10,183,XAUUSD,buy,out,0.05,2003.44,183,-0.18,2.24,4.00,3 222.85,sl 2003.44
2024.02.22 19:00:07,184,XAUUSD,buy,in,0.05,2021.03,184,-0.18,0.00,0.00,3 222.67,
2024.02.22 23:50:01,185,XAUUSD,sell,out,0.05,2024.32,185,-0.18,0.00,16.45,3 238.94,
2024.02.28 02:00:56,186,XAUUSD,buy,in,0.07,2029.75,186,-0.25,0.00,0.00,3 238.69,
2024.02.28 08:48:09,187,XAUUSD,sell,out,0.07,2029.74,187,-0.25,0.00,-0.07,3 238.37,sl 2029.75
2024.02.28 19:05:10,188,XAUUSD,sell,in,0.06,2034.29,188,-0.21,0.00,0.00,3 238.16,
2024.02.28 23:56:55,189,XAUUSD,buy,out,0.06,2033.95,189,-0.21,0.00,2.04,3 239.99,
2024.03.12 16:03:19,190,XAUUSD,buy,in,0.03,2165.46,190,-0.11,0.00,0.00,3 239.88,
2024.03.13 16:45:29,191,XAUUSD,sell,out,0.03,2165.38,191,-0.11,-1.56,-0.24,3 237.97,sl 2165.46
2024.03.13 20:00:03,192,XAUUSD,sell,in,0.04,2173.56,192,-0.14,0.00,0.00,3 237.83,
2024.03.14 23:50:08,193,XAUUSD,buy,out,0.04,2162.12,193,-0.14,5.37,45.76,3 288.82,
2024.03.15 12:00:04,194,XAUUSD,sell,in,0.07,2169.08,194,-0.25,0.00,0.00,3 288.57,
2024.03.15 23:50:06,195,XAUUSD,buy,out,0.07,2156.10,195,-0.25,0.00,90.86,3 379.18,
2024.03.19 03:00:05,196,XAUUSD,sell,in,0.06,2162.43,196,-0.21,0.00,0.00,3 378.97,
2024.03.19 13:16:02,197,XAUUSD,buy,out,0.06,2156.15,197,-0.21,0.00,37.68,3 416.44,sl 2156.15
2024.03.20 07:00:03,198,XAUUSD,sell,in,0.07,2160.02,198,-0.25,0.00,0.00,3 416.19,
2024.03.20 16:56:23,199,XAUUSD,buy,out,0.07,2158.01,199,-0.25,0.00,14.07,3 430.01,sl 2158.01
2024.03.25 18:00:01,200,XAUUSD,sell,in,0.04,2177.69,200,-0.14,0.00,0.00,3 429.87,
2024.03.25 23:50:08,201,XAUUSD,buy,out,0.04,2171.20,201,-0.14,0.00,25.96,3 455.69,
2024.03.26 01:02:02,202,XAUUSD,buy,in,0.05,2171.81,202,-0.18,0.00,0.00,3 455.51,
2024.03.26 16:40:21,203,XAUUSD,sell,out,0.05,2185.82,203,-0.18,0.00,70.05,3 525.38,sl 2185.83
2024.04.05 06:00:04,204,XAUUSD,buy,in,0.02,2273.86,204,-0.07,0.00,0.00,3 525.31,
2024.04.05 23:50:04,205,XAUUSD,sell,out,0.02,2329.13,205,-0.07,0.00,110.54,3 635.78,
2024.04.10 20:01:54,206,XAUUSD,buy,in,0.02,2334.45,206,-0.07,0.00,0.00,3 635.71,
2024.04.11 17:31:11,207,XAUUSD,sell,out,0.02,2334.32,207,-0.07,-3.11,-0.26,3 632.27,sl 2334.45
2024.04.15 01:27:29,208,XAUUSD,buy,in,0.01,2348.87,208,-0.04,0.00,0.00,3 632.23,
2024.04.15 23:50:05,209,XAUUSD,sell,out,0.01,2381.78,209,-0.04,0.00,32.91,3 665.10,
2024.04.17 23:00:05,210,XAUUSD,buy,in,0.02,2372.92,210,-0.07,0.00,0.00,3 665.03,
2024.04.18 16:44:31,211,XAUUSD,sell,out,0.02,2376.38,211,-0.07,-3.11,6.92,3 668.77,sl 2376.38
2024.04.22 06:00:02,212,XAUUSD,buy,in,0.02,2371.96,212,-0.07,0.00,0.00,3 668.70,
2024.04.22 14:18:09,213,XAUUSD,sell,out,0.02,2345.71,213,-0.07,0.00,-52.50,3 616.13,sl 2345.75
2024.04.25 15:30:15,214,XAUUSD,sell,in,0.03,2331.81,214,-0.11,0.00,0.00,3 616.02,
2024.04.25 15:51:03,215,XAUUSD,buy,out,0.03,2331.81,215,-0.11,0.00,0.00,3 615.91,sl 2331.81
2024.04.25 16:30:17,216,XAUUSD,buy,in,0.03,2316.48,216,-0.11,0.00,0.00,3 615.80,
2024.04.25 23:50:07,217,XAUUSD,sell,out,0.03,2332.22,217,-0.11,0.00,47.22,3 662.91,
2024.04.29 06:00:01,218,XAUUSD,buy,in,0.03,2324.32,218,-0.11,0.00,0.00,3 662.80,
2024.04.29 23:50:04,219,XAUUSD,sell,out,0.03,2336.75,219,-0.11,0.00,37.29,3 699.98,
2024.04.30 05:11:41,220,XAUUSD,buy,in,0.03,2330.45,220,-0.11,0.00,0.00,3 699.87,
2024.04.30 14:45:51,221,XAUUSD,sell,out,0.03,2310.53,221,-0.11,0.00,-59.76,3 640.00,sl 2310.54
2024.05.02 01:02:06,222,XAUUSD,sell,in,0.02,2319.56,222,-0.07,0.00,0.00,3 639.93,
2024.05.02 17:58:21,223,XAUUSD,buy,out,0.02,2304.47,223,-0.07,0.00,30.18,3 670.04,sl 2304.47
2024.05.07 20:07:45,224,XAUUSD,buy,in,0.03,2311.27,224,-0.11,0.00,0.00,3 669.93,
2024.05.07 23:50:03,225,XAUUSD,sell,out,0.03,2313.50,225,-0.11,0.00,6.69,3 676.51,
2024.05.07 23:50:05,226,XAUUSD,buy,in,0.03,2313.64,226,-0.11,0.00,0.00,3 676.40,
2024.05.07 23:51:29,227,XAUUSD,sell,out,0.03,2313.66,227,-0.11,0.00,0.06,3 676.35,
2024.05.08 07:14:03,228,XAUUSD,sell,in,0.04,2318.25,228,-0.14,0.00,0.00,3 676.21,
2024.05.08 13:36:31,229,XAUUSD,buy,out,0.04,2316.94,229,-0.14,0.00,5.24,3 681.31,sl 2316.94
2024.05.13 16:43:19,230,XAUUSD,buy,in,0.03,2344.04,230,-0.11,0.00,0.00,3 681.20,
2024.05.14 23:50:02,231,XAUUSD,sell,out,0.03,2357.77,231,-0.11,-1.56,41.19,3 720.72,
2024.05.28 16:15:54,232,XAUUSD,sell,in,0.04,2359.16,232,-0.14,0.00,0.00,3 720.58,
2024.05.28 18:22:52,233,XAUUSD,buy,out,0.04,2359.16,233,-0.14,0.00,0.00,3 720.44,sl 2359.16
2024.05.29 12:13:33,234,XAUUSD,buy,in,0.04,2341.03,234,-0.14,0.00,0.00,3 720.30,
2024.05.30 08:34:01,235,XAUUSD,sell,out,0.04,2326.00,235,-0.14,-6.23,-60.12,3 653.81,sl 2326.06
2024.05.31 03:45:43,236,XAUUSD,sell,in,0.03,2345.61,236,-0.11,0.00,0.00,3 653.70,
2024.05.31 07:09:22,237,XAUUSD,buy,out,0.03,2345.61,237,-0.11,0.00,0.00,3 653.59,sl 2345.61
2024.06.04 14:00:01,238,XAUUSD,buy,in,0.04,2329.90,238,-0.14,0.00,0.00,3 653.45,
2024.06.05 09:17:56,239,XAUUSD,sell,out,0.04,2329.88,239,-0.14,-2.08,-0.08,3 651.15,sl 2329.90
2024.06.05 15:54:39,240,XAUUSD,sell,in,0.04,2343.73,240,-0.14,0.00,0.00,3 651.01,
2024.06.05 17:21:39,241,XAUUSD,buy,out,0.04,2343.73,241,-0.14,0.00,0.00,3 650.87,sl 2343.73
2024.06.07 14:00:05,242,XAUUSD,buy,in,0.02,2333.28,242,-0.07,0.00,0.00,3 650.80,
2024.06.07 16:56:27,243,XAUUSD,sell,out,0.02,2305.28,243,-0.07,0.00,-56.00,3 594.73,sl 2305.29
2024.06.12 02:00:11,244,XAUUSD,sell,in,0.04,2317.23,244,-0.14,0.00,0.00,3 594.59,
2024.06.12 15:30:01,245,XAUUSD,buy,out,0.04,2324.00,245,-0.14,0.00,-27.08,3 567.37,sl 2317.23
2024.06.13 08:00:04,246,XAUUSD,buy,in,0.03,2312.36,246,-0.11,0.00,0.00,3 567.26,
2024.06.13 14:20:26,247,XAUUSD,sell,out,0.03,2312.36,247,-0.11,0.00,0.00,3 567.15,sl 2312.36
2024.06.14 13:00:00,248,XAUUSD,sell,in,0.05,2322.67,248,-0.18,0.00,0.00,3 566.97,
2024.06.17 12:14:31,249,XAUUSD,buy,out,0.05,2322.67,249,-0.18,2.24,0.00,3 569.03,sl 2322.67
2024.06.17 18:35:56,250,XAUUSD,buy,in,0.03,2312.25,250,-0.11,0.00,0.00,3 568.92,
2024.06.17 23:50:09,251,XAUUSD,sell,out,0.03,2318.94,251,-0.11,0.00,20.07,3 588.88,
2024.06.18 03:00:33,252,XAUUSD,sell,in,0.04,2322.10,252,-0.14,0.00,0.00,3 588.74,
2024.06.18 15:30:02,253,XAUUSD,buy,out,0.04,2318.44,253,-0.14,0.00,14.64,3 603.24,sl 2318.33
2024.06.18 18:19:45,254,XAUUSD,sell,in,0.03,2326.32,254,-0.11,0.00,0.00,3 603.13,
2024.06.20 16:48:10,255,XAUUSD,buy,out,0.03,2346.98,255,-0.11,5.37,-61.98,3 546.41,sl 2346.95
2024.06.21 19:00:03,256,XAUUSD,buy,in,0.02,2328.09,256,-0.07,0.00,0.00,3 546.34,
2024.06.24 23:50:05,257,XAUUSD,sell,out,0.02,2333.14,257,-0.07,-1.04,10.10,3 555.33,
2024.06.27 16:32:18,258,XAUUSD,sell,in,0.04,2324.38,258,-0.14,0.00,0.00,3 555.19,
2024.06.28 15:37:21,259,XAUUSD,buy,out,0.04,2339.15,259,-0.14,1.79,-59.08,3 497.76,sl 2339.06
2024.07.08 19:00:05,260,XAUUSD,buy,in,0.03,2354.99,260,-0.11,0.00,0.00,3 497.65,
2024.07.08 23:50:01,261,XAUUSD,sell,out,0.03,2358.63,261,-0.11,0.00,10.92,3 508.46,
2024.07.10 06:00:04,262,XAUUSD,sell,in,0.03,2369.44,262,-0.11,0.00,0.00,3 508.35,
2024.07.11 15:30:01,263,XAUUSD,buy,out,0.03,2389.19,263,-0.11,4.03,-59.25,3 453.02,sl 2388.04
2024.07.18 22:07:20,264,XAUUSD,buy,in,0.03,2445.56,264,-0.11,0.00,0.00,3 452.91,
2024.07.19 04:24:19,265,XAUUSD,sell,out,0.03,2423.45,265,-0.11,-1.56,-66.33,3 384.91,sl 2423.45
2024.07.24 02:00:01,266,XAUUSD,sell,in,0.04,2409.35,266,-0.14,0.00,0.00,3 384.77,
2024.07.24 16:48:02,267,XAUUSD,buy,out,0.04,2424.94,267,-0.14,0.00,-62.36,3 322.27,sl 2424.92
2024.07.25 01:02:06,268,XAUUSD,buy,in,0.02,2397.25,268,-0.07,0.00,0.00,3 322.20,
2024.07.25 04:42:43,269,XAUUSD,sell,out,0.02,2372.30,269,-0.07,0.00,-49.90,3 272.23,sl 2372.32
2024.07.26 22:00:03,270,XAUUSD,sell,in,0.03,2384.36,270,-0.11,0.00,0.00,3 272.12,
2024.07.29 22:34:46,271,XAUUSD,buy,out,0.03,2384.37,271,-0.11,1.34,-0.03,3 273.32,sl 2384.36
2024.08.05 02:49:55,272,XAUUSD,buy,in,0.01,2439.54,272,-0.04,0.00,0.00,3 273.28,
2024.08.05 14:39:31,273,XAUUSD,sell,out,0.01,2392.09,273,-0.04,0.00,-47.45,3 225.79,sl 2392.16
2024.08.08 14:00:09,274,XAUUSD,sell,in,0.03,2405.88,274,-0.11,0.00,0.00,3 225.68,
2024.08.08 17:26:06,275,XAUUSD,buy,out,0.03,2423.34,275,-0.11,0.00,-52.38,3 173.19,sl 2423.34
2024.08.14 19:00:01,276,XAUUSD,buy,in,0.02,2444.05,276,-0.07,0.00,0.00,3 173.12,
2024.08.14 23:50:00,277,XAUUSD,sell,out,0.02,2448.11,277,-0.07,0.00,8.12,3 181.17,
2024.08.15 14:56:27,278,XAUUSD,sell,in,0.04,2464.14,278,-0.14,0.00,0.00,3 181.03,
2024.08.15 16:26:55,279,XAUUSD,buy,out,0.04,2451.11,279,-0.14,0.00,52.12,3 233.01,sl 2451.10
2024.08.15 22:05:56,280,XAUUSD,sell,in,0.02,2460.49,280,-0.07,0.00,0.00,3 232.94,
2024.08.15 23:50:00,281,XAUUSD,buy,out,0.02,2455.64,281,-0.07,0.00,9.70,3 242.57,
2024.08.16 02:48:30,282,XAUUSD,sell,in,0.02,2457.88,282,-0.07,0.00,0.00,3 242.50,
2024.08.16 10:48:34,283,XAUUSD,buy,out,0.02,2457.88,283,-0.07,0.00,0.00,3 242.43,sl 2457.88
2024.08.16 10:52:36,284,XAUUSD,sell,in,0.04,2461.71,284,-0.14,0.00,0.00,3 242.29,
2024.08.16 15:32:12,285,XAUUSD,buy,out,0.04,2475.79,285,-0.14,0.00,-56.32,3 185.83,sl 2475.79
2024.08.22 07:38:26,286,XAUUSD,buy,in,0.03,2500.05,286,-0.11,0.00,0.00,3 185.72,
2024.08.22 14:38:13,287,XAUUSD,sell,out,0.03,2500.05,287,-0.11,0.00,0.00,3 185.61,sl 2500.05
2024.08.23 17:00:37,288,XAUUSD,sell,in,0.03,2507.15,288,-0.11,0.00,0.00,3 185.50,
2024.08.26 11:02:30,289,XAUUSD,buy,out,0.03,2523.27,289,-0.11,1.34,-48.36,3 138.37,sl 2523.26
2024.08.27 11:00:00,290,XAUUSD,buy,in,0.04,2505.05,290,-0.14,0.00,0.00,3 138.23,
2024.08.27 16:26:47,291,XAUUSD,sell,out,0.04,2505.05,291,-0.14,0.00,0.00,3 138.09,sl 2505.05
2024.08.28 10:00:00,292,XAUUSD,buy,in,0.04,2508.66,292,-0.14,0.00,0.00,3 137.95,
2024.08.29 15:30:51,293,XAUUSD,sell,out,0.04,2510.55,293,-0.14,-6.23,7.56,3 139.14,sl 2510.62
2024.09.10 01:02:04,294,XAUUSD,sell,in,0.03,2506.28,294,-0.11,0.00,0.00,3 139.03,
2024.09.10 09:13:50,295,XAUUSD,buy,out,0.03,2506.28,295,-0.11,0.00,0.00,3 138.92,sl 2506.28
2024.09.18 15:00:00,296,XAUUSD,sell,in,0.04,2577.49,296,-0.14,0.00,0.00,3 138.78,
2024.09.18 21:00:02,297,XAUUSD,buy,out,0.04,2577.77,297,-0.14,0.00,-1.12,3 137.52,sl 2577.49
2024.09.19 11:00:17,298,XAUUSD,sell,in,0.01,2584.43,298,-0.04,0.00,0.00,3 137.48,
2024.09.19 17:39:14,299,XAUUSD,buy,out,0.01,2584.43,299,-0.04,0.00,0.00,3 137.44,sl 2584.43
2024.09.27 18:00:04,300,XAUUSD,buy,in,0.02,2649.26,300,-0.07,0.00,0.00,3 137.37,
2024.09.27 23:50:06,301,XAUUSD,sell,out,0.02,2654.78,301,-0.07,0.00,11.04,3 148.34,
2024.10.01 16:33:09,302,XAUUSD,sell,in,0.03,2657.90,302,-0.11,0.00,0.00,3 148.23,
2024.10.02 16:29:41,303,XAUUSD,buy,out,0.03,2657.92,303,-0.11,1.34,-0.06,3 149.40,sl 2657.90
2024.10.02 16:29:49,304,XAUUSD,sell,in,0.03,2658.05,304,-0.11,0.00,0.00,3 149.29,
2024.10.02 22:29:53,305,XAUUSD,buy,out,0.03,2658.08,305,-0.11,0.00,-0.09,3 149.09,sl 2658.05
2024.10.02 22:29:53,306,XAUUSD,sell,in,0.02,2658.03,306,-0.07,0.00,0.00,3 149.02,
2024.10.03 19:35:06,307,XAUUSD,buy,out,0.02,2654.97,307,-0.07,2.69,6.12,3 157.76,sl 2654.96
2024.10.23 20:00:05,308,XAUUSD,buy,in,0.02,2719.48,308,-0.07,0.00,0.00,3 157.69,
2024.10.24 17:21:05,309,XAUUSD,sell,out,0.02,2728.82,309,-0.07,-3.11,18.68,3 173.19,sl 2728.87
2024.10.25 06:00:03,310,XAUUSD,buy,in,0.03,2727.92,310,-0.11,0.00,0.00,3 173.08,
2024.10.25 23:50:06,311,XAUUSD,sell,out,0.03,2746.01,311,-0.11,0.00,54.27,3 227.24,
2024.10.31 17:00:04,312,XAUUSD,buy,in,0.02,2754.46,312,-0.07,0.00,0.00,3 227.17,
2024.10.31 18:00:30,313,XAUUSD,sell,out,0.02,2733.66,313,-0.07,0.00,-41.60,3 185.50,sl 2733.66
2024.11.08 01:02:04,314,XAUUSD,sell,in,0.02,2704.76,314,-0.07,0.00,0.00,3 185.43,
2024.11.08 15:54:34,315,XAUUSD,buy,out,0.02,2701.03,315,-0.07,0.00,7.46,3 192.82,sl 2700.99
2024.11.08 15:54:36,316,XAUUSD,sell,in,0.02,2700.58,316,-0.07,0.00,0.00,3 192.75,
2024.11.08 23:50:01,317,XAUUSD,buy,out,0.02,2684.14,317,-0.07,0.00,32.88,3 225.56,
2024.11.18 04:00:02,318,XAUUSD,sell,in,0.02,2587.32,318,-0.07,0.00,0.00,3 225.49,
2024.11.19 03:05:29,319,XAUUSD,buy,out,0.02,2617.08,319,-0.07,0.90,-59.52,3 166.80,sl 2617.04
2024.11.25 11:00:03,320,XAUUSD,buy,in,0.01,2672.21,320,-0.04,0.00,0.00,3 166.76,
2024.11.25 17:57:30,321,XAUUSD,sell,out,0.01,2627.62,321,-0.04,0.00,-44.59,3 122.13,sl 2627.62
2024.11.27 11:00:05,322,XAUUSD,sell,in,0.03,2653.52,322,-0.11,0.00,0.00,3 122.02,
2024.11.27 14:12:13,323,XAUUSD,buy,out,0.03,2653.52,323,-0.11,0.00,0.00,3 121.91,sl 2653.52
2024.11.27 21:21:15,324,XAUUSD,buy,in,0.02,2637.88,324,-0.07,0.00,0.00,3 121.84,
2024.11.28 17:32:43,325,XAUUSD,sell,out,0.02,2637.87,325,-0.07,-3.11,-0.02,3 118.64,sl 2637.88
2024.11.29 01:02:10,326,XAUUSD,buy,in,0.03,2639.06,326,-0.11,0.00,0.00,3 118.53,
2024.11.29 21:22:11,327,XAUUSD,sell,out,0.03,2649.00,327,-0.11,0.00,29.82,3 148.24,sl 2649.02
2024.12.02 03:19:11,328,XAUUSD,buy,in,0.02,2628.59,328,-0.07,0.00,0.00,3 148.17,
2024.12.02 23:50:03,329,XAUUSD,sell,out,0.02,2638.88,329,-0.07,0.00,20.58,3 168.68,
2024.12.03 11:00:02,330,XAUUSD,sell,in,0.03,2644.72,330,-0.11,0.00,0.00,3 168.57,
2024.12.03 23:50:11,331,XAUUSD,buy,out,0.03,2643.70,331,-0.11,0.00,3.06,3 171.52,
2024.12.04 03:00:09,332,XAUUSD,buy,in,0.02,2639.81,332,-0.07,0.00,0.00,3 171.45,
2024.12.04 10:14:14,333,XAUUSD,sell,out,0.02,2639.77,333,-0.07,0.00,-0.08,3 171.30,sl 2639.81
2024.12.12 19:00:05,334,XAUUSD,buy,in,0.02,2683.97,334,-0.07,0.00,0.00,3 171.23,
2024.12.13 17:04:13,335,XAUUSD,sell,out,0.02,2657.29,335,-0.07,-1.04,-53.36,3 116.76,sl 2657.29
2024.12.20 18:00:04,336,XAUUSD,sell,in,0.03,2630.90,336,-0.11,0.00,0.00,3 116.65,
2024.12.20 23:50:00,337,XAUUSD,buy,out,0.03,2621.66,337,-0.11,0.00,27.72,3 144.26,
2024.12.23 18:00:03,338,XAUUSD,buy,in,0.03,2609.90,338,-0.11,0.00,0.00,3 144.15,
2024.12.23 23:50:13,339,XAUUSD,sell,out,0.03,2612.98,339,-0.11,0.00,9.24,3 153.28,
2024.12.24 07:00:14,340,XAUUSD,sell,in,0.04,2620.30,340,-0.14,0.00,0.00,3 153.14,
2024.12.26 01:28:03,341,XAUUSD,buy,out,0.04,2620.30,341,-0.14,7.16,0.00,3 160.16,sl 2620.30
2024.12.26 02:29:36,342,XAUUSD,sell,in,0.04,2620.42,342,-0.14,0.00,0.00,3 160.02,
2024.12.26 17:13:43,343,XAUUSD,buy,out,0.04,2635.11,343,-0.14,0.00,-58.76,3 101.12,sl 2635.11
2024.12.27 16:30:01,344,XAUUSD,buy,in,0.03,2614.08,344,-0.11,0.00,0.00,3 101.01,
2024.12.27 23:50:08,345,XAUUSD,sell,out,0.03,2620.11,345,-0.11,0.00,18.09,3 118.99,
2025.01.06 02:00:10,346,XAUUSD,buy,in,0.03,2641.20,346,-0.11,0.00,0.00,3 118.88,
2025.01.06 15:45:37,347,XAUUSD,sell,out,0.03,2623.92,347,-0.11,0.00,-51.84,3 066.93,sl 2623.98
2025.01.13 16:40:16,348,XAUUSD,buy,in,0.02,2665.05,348,-0.07,0.00,0.00,3 066.86,
2025.01.14 11:41:30,349,XAUUSD,sell,out,0.02,2665.05,349,-0.07,-1.04,0.00,3 065.75,sl 2665.05
2025.01.14 23:00:05,350,XAUUSD,sell,in,0.03,2676.19,350,-0.11,0.00,0.00,3 065.64,
2025.01.15 22:55:03,351,XAUUSD,buy,out,0.03,2696.22,351,-0.11,1.34,-60.09,3 006.78,sl 2696.20
2025.01.20 02:00:01,352,XAUUSD,buy,in,0.02,2696.53,352,-0.07,0.00,0.00,3 006.71,
2025.01.21 23:50:00,353,XAUUSD,sell,out,0.02,2744.76,353,-0.07,-1.04,96.46,3 102.06,
2025.01.27 08:00:05,354,XAUUSD,buy,in,0.03,2753.11,354,-0.11,0.00,0.00,3 101.95,
2025.01.27 15:43:38,355,XAUUSD,sell,out,0.03,2753.10,355,-0.11,0.00,-0.03,3 101.81,sl 2753.11
2025.01.27 15:43:40,356,XAUUSD,buy,in,0.02,2752.84,356,-0.07,0.00,0.00,3 101.74,
2025.01.28 23:50:05,357,XAUUSD,sell,out,0.02,2763.52,357,-0.07,-1.04,21.36,3 121.99,
2025.01.29 20:02:44,358,XAUUSD,buy,in,0.03,2750.68,358,-0.11,0.00,0.00,3 121.88,
2025.01.29 23:50:08,359,XAUUSD,sell,out,0.03,2757.52,359,-0.11,0.00,20.52,3 142.29,
2025.01.29 23:50:15,360,XAUUSD,sell,in,0.02,2757.61,360,-0.07,0.00,0.00,3 142.22,
2025.01.30 12:26:18,361,XAUUSD,buy,out,0.02,2779.29,361,-0.07,2.69,-43.36,3 101.48,sl 2779.13
2025.02.12 05:11:39,362,XAUUSD,buy,in,0.02,2888.78,362,-0.07,0.00,0.00,3 101.41,
2025.02.12 23:50:07,363,XAUUSD,sell,out,0.02,2903.43,363,-0.07,0.00,29.30,3 130.64,
2025.02.14 19:00:17,364,XAUUSD,buy,in,0.01,2896.74,364,-0.04,0.00,0.00,3 130.60,
2025.02.18 23:50:06,365,XAUUSD,sell,out,0.01,2935.41,365,-0.04,-1.04,38.67,3 168.19,
2025.02.25 10:00:03,366,XAUUSD,buy,in,0.03,2931.18,366,-0.11,0.00,0.00,3 168.08,
2025.02.25 14:31:17,367,XAUUSD,sell,out,0.03,2930.67,367,-0.11,0.00,-1.53,3 166.44,sl 2931.18
2025.03.03 17:17:17,368,XAUUSD,sell,in,0.02,2883.15,368,-0.07,0.00,0.00,3 166.37,
2025.03.04 10:17:01,369,XAUUSD,buy,out,0.02,2906.92,369,-0.07,0.90,-47.54,3 119.66,sl 2906.82
2025.03.06 12:00:04,370,XAUUSD,buy,in,0.02,2894.03,370,-0.07,0.00,0.00,3 119.59,
2025.03.06 23:50:08,371,XAUUSD,sell,out,0.02,2910.46,371,-0.07,0.00,32.86,3 152.38,
2025.03.07 22:00:06,372,XAUUSD,buy,in,0.02,2904.94,372,-0.07,0.00,0.00,3 152.31,
2025.03.07 23:50:05,373,XAUUSD,sell,out,0.02,2911.42,373,-0.07,0.00,12.96,3 165.20,
2025.03.11 14:00:07,374,XAUUSD,sell,in,0.03,2911.99,374,-0.11,0.00,0.00,3 165.09,
2025.03.12 19:09:00,375,XAUUSD,buy,out,0.03,2932.60,375,-0.11,1.34,-61.83,3 104.49,sl 2932.59
2025.03.21 08:10:02,376,XAUUSD,buy,in,0.03,3028.32,376,-0.11,0.00,0.00,3 104.38,
2025.03.21 16:30:51,377,XAUUSD,sell,out,0.03,3028.31,377,-0.11,0.00,-0.03,3 104.24,sl 3028.32
2025.03.25 17:02:57,378,XAUUSD,sell,in,0.02,3031.31,378,-0.07,0.00,0.00,3 104.17,
2025.03.25 23:50:06,379,XAUUSD,buy,out,0.02,3020.55,379,-0.07,0.00,21.52,3 125.62,
2025.04.03 14:00:00,380,XAUUSD,buy,in,0.01,3095.66,380,-0.04,0.00,0.00,3 125.58,
2025.04.03 23:50:08,381,XAUUSD,sell,out,0.01,3116.60,381,-0.04,0.00,20.94,3 146.48,
2025.04.09 10:03:00,382,XAUUSD,sell,in,0.01,3039.14,382,-0.04,0.00,0.00,3 146.44,
2025.04.09 19:13:47,383,XAUUSD,buy,out,0.01,3089.57,383,-0.04,0.00,-50.43,3 095.97,sl 3089.53
2025.04.23 01:02:01,384,XAUUSD,buy,in,0.01,3343.63,384,-0.04,0.00,0.00,3 095.93,
2025.04.24 23:50:05,385,XAUUSD,sell,out,0.01,3348.28,385,-0.04,-1.56,4.65,3 098.98,
2025.04.25 01:28:18,386,XAUUSD,sell,in,0.01,3362.97,386,-0.04,0.00,0.00,3 098.94,
2025.04.25 23:50:15,387,XAUUSD,buy,out,0.01,3315.35,387,-0.04,0.00,47.62,3 146.52,
2025.04.29 15:00:06,388,XAUUSD,buy,in,0.01,3309.61,388,-0.04,0.00,0.00,3 146.48,
2025.04.29 23:50:06,389,XAUUSD,sell,out,0.01,3319.19,389,-0.04,0.00,9.58,3 156.02,
2025.05.05 06:00:06,390,XAUUSD,sell,in,0.01,3270.53,390,-0.04,0.00,0.00,3 155.98,
2025.05.05 15:19:29,391,XAUUSD,buy,out,0.01,3319.88,391,-0.04,0.00,-49.35,3 106.59,sl 3319.88
2025.05.08 10:00:03,392,XAUUSD,buy,in,0.01,3329.86,392,-0.04,0.00,0.00,3 106.55,
2025.05.08 18:50:02,393,XAUUSD,sell,out,0.01,3329.76,393,-0.04,0.00,-0.10,3 106.41,sl 3329.86
2025.05.15 22:00:07,394,XAUUSD,sell,in,0.01,3223.72,394,-0.04,0.00,0.00,3 106.37,
2025.05.16 23:50:00,395,XAUUSD,buy,out,0.01,3202.82,395,-0.04,0.45,20.90,3 127.68,
2025.05.19 02:00:05,396,XAUUSD,sell,in,0.01,3239.06,396,-0.04,0.00,0.00,3 127.64,
2025.05.19 11:17:42,397,XAUUSD,buy,out,0.01,3239.06,397,-0.04,0.00,0.00,3 127.60,sl 3239.06
2025.05.20 09:00:53,398,XAUUSD,buy,in,0.02,3212.20,398,-0.07,0.00,0.00,3 127.53,
2025.05.20 22:55:22,399,XAUUSD,sell,out,0.02,3294.90,399,-0.07,0.00,165.40,3 292.86,tp 3294.78
2025.05.23 03:52:14,400,XAUUSD,buy,in,0.01,3290.57,400,-0.04,0.00,0.00,3 292.82,
2025.05.23 23:50:07,401,XAUUSD,sell,out,0.01,3358.74,401,-0.04,0.00,68.17,3 360.95,
2025.05.27 09:46:02,402,XAUUSD,buy,in,0.02,3313.23,402,-0.07,0.00,0.00,3 360.88,
2025.05.27 17:00:55,403,XAUUSD,sell,out,0.02,3285.41,403,-0.07,0.00,-55.64,3 305.17,sl 3285.42
2025.05.29 18:01:41,404,XAUUSD,sell,in,0.01,3312.01,404,-0.04,0.00,0.00,3 305.13,
2025.05.30 23:50:03,405,XAUUSD,buy,out,0.01,3292.19,405,-0.04,0.45,19.82,3 325.36,
2025.06.06 07:08:18,406,XAUUSD,sell,in,0.01,3370.82,406,-0.04,0.00,0.00,3 325.32,
2025.06.06 23:50:05,407,XAUUSD,buy,out,0.01,3311.66,407,-0.04,0.00,59.16,3 384.44,
2025.06.10 16:00:16,408,XAUUSD,sell,in,0.02,3336.76,408,-0.07,0.00,0.00,3 384.37,
2025.06.10 23:50:05,409,XAUUSD,buy,out,0.02,3323.39,409,-0.07,0.00,26.74,3 411.04,
2025.06.16 19:11:52,410,XAUUSD,buy,in,0.01,3400.76,410,-0.04,0.00,0.00,3 411.00,
2025.06.19 08:52:47,411,XAUUSD,sell,out,0.01,3361.15,411,-0.04,-2.60,-39.61,3 368.75,sl 3361.19
2025.06.23 15:00:06,412,XAUUSD,sell,in,0.02,3380.42,412,-0.07,0.00,0.00,3 368.68,
2025.06.23 16:43:30,413,XAUUSD,buy,out,0.02,3380.47,413,-0.07,0.00,-0.10,3 368.51,sl 3380.42
2025.06.23 16:43:30,414,XAUUSD,sell,in,0.01,3380.42,414,-0.04,0.00,0.00,3 368.47,
2025.06.23 23:50:03,415,XAUUSD,buy,out,0.01,3369.46,415,-0.04,0.00,10.96,3 379.39,
2025.06.24 02:34:56,416,XAUUSD,buy,in,0.01,3345.68,416,-0.04,0.00,0.00,3 379.35,
2025.06.24 16:40:05,417,XAUUSD,sell,out,0.01,3299.16,417,-0.04,0.00,-46.52,3 332.79,sl 3299.22
2025.06.26 08:35:21,418,XAUUSD,sell,in,0.02,3337.66,418,-0.07,0.00,0.00,3 332.72,
2025.06.26 23:50:04,419,XAUUSD,buy,out,0.02,3329.98,419,-0.07,0.00,15.36,3 348.01,
2025.06.30 23:00:08,420,XAUUSD,sell,in,0.02,3308.68,420,-0.07,0.00,0.00,3 347.94,
2025.06.30 23:50:06,421,XAUUSD,buy,out,0.02,3303.66,421,-0.07,0.00,10.04,3 357.91,
2025.07.01 01:02:02,422,XAUUSD,sell,in,0.02,3303.22,422,-0.07,0.00,0.00,3 357.84,
2025.07.01 08:35:29,423,XAUUSD,buy,out,0.02,3331.89,423,-0.07,0.00,-57.34,3 300.43,sl 3331.89
2025.07.03 18:00:03,424,XAUUSD,buy,in,0.01,3324.34,424,-0.04,0.00,0.00,3 300.39,
2025.07.03 23:50:00,425,XAUUSD,sell,out,0.01,3325.84,425,-0.04,0.00,1.50,3 301.85,
2025.07.04 11:00:03,426,XAUUSD,sell,in,0.03,3343.13,426,-0.11,0.00,0.00,3 301.74,
2025.07.07 19:22:35,427,XAUUSD,buy,out,0.03,3326.40,427,-0.11,1.34,50.19,3 353.16,sl 3326.33
2025.07.08 01:02:01,428,XAUUSD,sell,in,0.02,3340.38,428,-0.07,0.00,0.00,3 353.09,
2025.07.08 23:50:11,429,XAUUSD,buy,out,0.02,3300.55,429,-0.07,0.00,79.66,3 432.68,
2025.07.10 02:00:12,430,XAUUSD,sell,in,0.02,3319.71,430,-0.07,0.00,0.00,3 432.61,
2025.07.11 13:39:05,431,XAUUSD,buy,out,0.02,3346.85,431,-0.07,0.90,-54.28,3 379.16,sl 3346.69
2025.07.15 18:30:25,432,XAUUSD,buy,in,0.02,3332.08,432,-0.07,0.00,0.00,3 379.09,
2025.07.16 15:48:07,433,XAUUSD,sell,out,0.02,3332.05,433,-0.07,-1.04,-0.06,3 377.92,sl 3332.08
2025.07.17 09:00:07,434,XAUUSD,buy,in,0.02,3339.81,434,-0.07,0.00,0.00,3 377.85,
2025.07.17 15:30:39,435,XAUUSD,sell,out,0.02,3316.46,435,-0.07,0.00,-46.70,3 331.08,sl 3316.55
2025.07.18 04:02:16,436,XAUUSD,sell,in,0.02,3342.20,436,-0.07,0.00,0.00,3 331.01,
2025.07.18 09:57:41,437,XAUUSD,buy,out,0.02,3342.23,437,-0.07,0.00,-0.06,3 330.88,sl 3342.20
2025.07.23 22:40:13,438,XAUUSD,buy,in,0.01,3389.96,438,-0.04,0.00,0.00,3 330.84,
2025.07.24 15:49:49,439,XAUUSD,sell,out,0.01,3355.81,439,-0.04,-1.56,-34.15,3 295.09,sl 3355.82
2025.07.30 13:00:05,440,XAUUSD,sell,in,0.03,3331.18,440,-0.11,0.00,0.00,3 294.98,
2025.07.30 21:53:07,441,XAUUSD,buy,out,0.03,3281.45,441,-0.11,0.00,149.19,3 444.06,tp 3281.62
2025.08.01 15:42:33,442,XAUUSD,sell,in,0.02,3336.66,442,-0.07,0.00,0.00,3 443.99,
2025.08.04 14:51:47,443,XAUUSD,buy,out,0.02,3370.72,443,-0.07,0.90,-68.12,3 376.70,sl 3370.72
2025.08.20 16:44:22,444,XAUUSD,sell,in,0.03,3347.48,444,-0.11,0.00,0.00,3 376.59,
2025.08.21 15:10:31,445,XAUUSD,buy,out,0.03,3341.58,445,-0.11,4.03,17.70,3 398.21,sl 3341.58
2025.08.22 17:16:55,446,XAUUSD,sell,in,0.02,3362.44,446,-0.07,0.00,0.00,3 398.14,
2025.08.26 03:11:05,447,XAUUSD,buy,out,0.02,3362.44,447,-0.07,1.80,0.00,3 399.87,sl 3362.44
2025.09.11 09:00:00,448,XAUUSD,buy,in,0.02,3625.30,448,-0.07,0.00,0.00,3 399.80,
2025.09.11 10:18:30,449,XAUUSD,sell,out,0.02,3625.28,449,-0.07,0.00,-0.04,3 399.69,sl 3625.30
2025.09.11 10:18:32,450,XAUUSD,buy,in,0.02,3625.49,450,-0.07,0.00,0.00,3 399.62,
2025.09.11 16:17:51,451,XAUUSD,sell,out,0.02,3625.46,451,-0.07,0.00,-0.06,3 399.49,sl 3625.49
2025.09.15 04:01:10,452,XAUUSD,buy,in,0.03,3631.47,452,-0.11,0.00,0.00,3 399.38,
2025.09.15 23:50:18,453,XAUUSD,sell,out,0.03,3680.85,453,-0.11,0.00,148.14,3 547.41,
2025.09.17 13:00:03,454,XAUUSD,buy,in,0.03,3667.64,454,-0.11,0.00,0.00,3 547.30,
2025.09.17 21:01:09,455,XAUUSD,sell,out,0.03,3669.60,455,-0.11,0.00,5.88,3 553.07,sl 3669.84
2025.09.24 21:00:08,456,XAUUSD,buy,in,0.02,3733.07,456,-0.07,0.00,0.00,3 553.00,
2025.09.24 23:50:14,457,XAUUSD,sell,out,0.02,3735.94,457,-0.07,0.00,5.74,3 558.67,
2025.09.25 13:00:03,458,XAUUSD,sell,in,0.02,3757.13,458,-0.07,0.00,0.00,3 558.60,
2025.09.25 21:40:41,459,XAUUSD,buy,out,0.02,3757.16,459,-0.07,0.00,-0.06,3 558.47,sl 3757.13
2025.10.02 19:00:07,460,XAUUSD,buy,in,0.01,3827.86,460,-0.04,0.00,0.00,3 558.43,
2025.10.02 23:50:07,461,XAUUSD,sell,out,0.01,3855.41,461,-0.04,0.00,27.55,3 585.94,
2025.10.03 03:00:08,462,XAUUSD,sell,in,0.01,3862.34,462,-0.04,0.00,0.00,3 585.90,
2025.10.03 10:23:31,463,XAUUSD,buy,out,0.01,3862.36,463,-0.04,0.00,-0.02,3 585.84,sl 3862.34
2025.10.03 11:08:18,464,XAUUSD,sell,in,0.02,3865.63,464,-0.07,0.00,0.00,3 585.77,
2025.10.06 01:59:51,465,XAUUSD,buy,out,0.02,3896.82,465,-0.07,0.90,-62.38,3 524.22,sl 3896.75
2025.10.09 20:13:44,466,XAUUSD,buy,in,0.01,3956.19,466,-0.04,0.00,0.00,3 524.18,
2025.10.09 23:50:01,467,XAUUSD,sell,out,0.01,3976.61,467,-0.04,0.00,20.42,3 544.56,
2025.10.17 21:00:03,468,XAUUSD,buy,in,0.01,4221.45,468,-0.04,0.00,0.00,3 544.52,
2025.10.17 23:50:06,469,XAUUSD,sell,out,0.01,4247.18,469,-0.04,0.00,25.73,3 570.21,
2025.10.21 14:00:05,470,XAUUSD,buy,in,0.01,4253.50,470,-0.04,0.00,0.00,3 570.17,
2025.10.21 16:51:17,471,XAUUSD,sell,out,0.01,4168.97,471,-0.04,0.00,-84.53,3 485.60,sl 4169.18
2025.10.23 22:04:07,472,XAUUSD,sell,in,0.01,4137.94,472,-0.04,0.00,0.00,3 485.56,
2025.10.23 23:50:07,473,XAUUSD,buy,out,0.01,4120.29,473,-0.04,0.00,17.65,3 503.17,
2025.10.29 14:00:00,474,XAUUSD,sell,in,0.01,4023.48,474,-0.04,0.00,0.00,3 503.13,
2025.10.29 23:50:07,475,XAUUSD,buy,out,0.01,3933.94,475,-0.04,0.00,89.54,3 592.63,
2025.11.05 20:14:58,476,XAUUSD,sell,in,0.01,3983.81,476,-0.04,0.00,0.00,3 592.59,
2025.11.05 23:50:07,477,XAUUSD,buy,out,0.01,3982.42,477,-0.04,0.00,1.39,3 593.94,
2025.11.06 03:08:04,478,XAUUSD,buy,in,0.01,3967.05,478,-0.04,0.00,0.00,3 593.90,
2025.11.06 16:29:11,479,XAUUSD,sell,out,0.01,3989.36,479,-0.04,0.00,22.31,3 616.17,sl 3989.48
2025.11.14 13:11:04,480,XAUUSD,buy,in,0.01,4156.71,480,-0.04,0.00,0.00,3 616.13,
2025.11.14 15:11:56,481,XAUUSD,sell,out,0.01,4098.18,481,-0.04,0.00,-58.53,3 557.56,sl 4098.68
2025.11.20 17:00:04,482,XAUUSD,sell,in,0.01,4093.65,482,-0.04,0.00,0.00,3 557.52,
2025.11.20 23:50:01,483,XAUUSD,buy,out,0.01,4077.66,483,-0.04,0.00,15.99,3 573.47,
2025.11.24 15:00:03,484,XAUUSD,sell,in,0.01,4079.76,484,-0.04,0.00,0.00,3 573.43,
2025.11.24 22:31:02,485,XAUUSD,buy,out,0.01,4128.27,485,-0.04,0.00,-48.51,3 524.88,sl 4128.25
2025.12.02 12:00:02,486,XAUUSD,buy,in,0.01,4191.49,486,-0.04,0.00,0.00,3 524.84,
2025.12.02 17:20:15,487,XAUUSD,sell,out,0.01,4191.38,487,-0.04,0.00,-0.11,3 524.69,sl 4191.49
2025.12.03 05:00:07,488,XAUUSD,sell,in,0.01,4226.45,488,-0.04,0.00,0.00,3 524.65,
2025.12.03 15:49:40,489,XAUUSD,buy,out,0.01,4226.47,489,-0.04,0.00,-0.02,3 524.59,sl 4226.45
2025.12.03 15:49:41,490,XAUUSD,sell,in,0.01,4226.07,490,-0.04,0.00,0.00,3 524.55,
2025.12.03 17:33:15,491,XAUUSD,buy,out,0.01,4226.07,491,-0.04,0.00,0.00,3 524.51,sl 4226.07
2025.12.05 03:00:49,492,XAUUSD,buy,in,0.01,4201.32,492,-0.04,0.00,0.00,3 524.47,
2025.12.05 18:09:56,493,XAUUSD,sell,out,0.01,4227.14,493,-0.04,0.00,25.82,3 550.25,sl 4227.14
2025.12.16 17:00:00,494,XAUUSD,sell,in,0.01,4324.58,494,-0.04,0.00,0.00,3 550.21,
2025.12.16 23:50:08,495,XAUUSD,buy,out,0.01,4304.02,495,-0.04,0.00,20.56,3 570.73,
2025.12.29 10:00:00,496,XAUUSD,buy,in,0.01,4474.93,496,-0.04,0.00,0.00,3 570.69,
2025.12.29 16:03:44,497,XAUUSD,sell,out,0.01,4400.82,497,-0.04,0.00,-74.11,3 496.54,sl 4400.82
2026.01.02 08:00:04,498,XAUUSD,sell,in,0.01,4380.79,498,-0.04,0.00,0.00,3 496.50,
2026.01.02 23:50:07,499,XAUUSD,buy,out,0.01,4331.51,499,-0.04,0.00,49.28,3 545.74,
2026.01.05 03:00:06,500,XAUUSD,sell,in,0.01,4397.76,500,-0.04,0.00,0.00,3 545.70,
2026.01.06 05:12:41,501,XAUUSD,buy,out,0.01,4461.73,501,-0.04,0.45,-63.97,3 482.14,sl 4461.71
2026.01.08 20:00:00,502,XAUUSD,sell,in,0.01,4463.41,502,-0.04,0.00,0.00,3 482.10,
2026.01.09 17:42:04,503,XAUUSD,buy,out,0.01,4517.01,503,-0.04,0.45,-53.60,3 428.91,sl 4517.01
2026.02.03 14:00:04,504,XAUUSD,sell,in,0.01,4916.62,504,-0.04,0.00,0.00,3 428.87,
2026.02.05 08:09:31,505,XAUUSD,buy,out,0.01,4916.82,505,-0.04,1.79,-0.20,3 430.42,sl 4916.62
2026.02.06 16:00:02,506,XAUUSD,sell,in,0.01,4929.88,506,-0.04,0.00,0.00,3 430.38,
2026.02.11 12:44:18,507,XAUUSD,buy,out,0.01,5093.10,507,-0.04,1.35,-163.22,3 268.47,sl 5092.55
2026.02.13 23:00:17,508,XAUUSD,sell,in,0.01,5034.20,508,-0.04,0.00,0.00,3 268.43,
2026.02.17 12:11:45,509,XAUUSD,buy,out,0.01,4936.85,509,-0.04,0.90,97.35,3 366.64,sl 4936.85
2026.02.26 17:01:18,510,XAUUSD,buy,in,0.01,5160.96,510,-0.04,0.00,0.00,3 366.60,
2026.02.26 23:50:05,511,XAUUSD,sell,out,0.01,5187.32,511,-0.04,0.00,26.36,3 392.92,
2026.03.03 13:00:03,512,XAUUSD,buy,in,0.01,5246.06,512,-0.04,0.00,0.00,3 392.88,
2026.03.03 13:29:38,513,XAUUSD,sell,out,0.01,5125.12,513,-0.04,0.00,-120.94,3 271.90,sl 5127.51
2026.03.06 22:00:02,514,XAUUSD,sell,in,0.01,5161.43,514,-0.04,0.00,0.00,3 271.86,
2026.03.09 23:50:01,515,XAUUSD,buy,out,0.01,5138.80,515,-0.04,0.45,22.63,3 294.90,
2026.03.12 01:56:32,516,XAUUSD,buy,in,0.01,5136.60,516,-0.04,0.00,0.00,3 294.86,
2026.03.12 18:02:25,517,XAUUSD,sell,out,0.01,5136.46,517,-0.04,0.00,-0.14,3 294.68,sl 5136.60
2026.03.25 03:00:08,518,XAUUSD,sell,in,0.01,4553.33,518,-0.04,0.00,0.00,3 294.64,
2026.03.25 23:50:06,519,XAUUSD,buy,out,0.01,4506.82,519,-0.04,0.00,46.51,3 341.11,
2026.03.26 09:00:01,520,XAUUSD,buy,in,0.01,4439.19,520,-0.04,0.00,0.00,3 341.07,
2026.03.27 23:50:03,521,XAUUSD,sell,out,0.01,4498.76,521,-0.04,-0.52,59.57,3 400.08,
2026.04.02 11:57:28,522,XAUUSD,buy,in,0.01,4622.47,522,-0.04,0.00,0.00,3 400.04,
2026.04.02 23:50:13,523,XAUUSD,sell,out,0.01,4670.76,523,-0.04,0.00,48.29,3 448.29,
2026.04.06 11:00:00,524,XAUUSD,sell,in,0.01,4684.56,524,-0.04,0.00,0.00,3 448.25,
2026.04.06 23:50:04,525,XAUUSD,buy,out,0.01,4650.44,525,-0.04,0.00,34.12,3 482.33,
2026.04.09 06:16:08,526,XAUUSD,buy,in,0.01,4709.92,526,-0.04,0.00,0.00,3 482.29,
2026.04.09 23:50:01,527,XAUUSD,sell,out,0.01,4764.64,527,-0.04,0.00,54.72,3 536.97,
2026.04.14 02:00:17,528,XAUUSD,sell,in,0.01,4760.21,528,-0.04,0.00,0.00,3 536.93,
2026.04.14 20:06:54,529,XAUUSD,buy,out,0.01,4827.93,529,-0.04,0.00,-67.72,3 469.17,sl 4827.77
2026.04.20 03:00:08,530,XAUUSD,buy,in,0.01,4751.76,530,-0.04,0.00,0.00,3 469.13,
2026.04.20 23:50:01,531,XAUUSD,sell,out,0.01,4817.32,531,-0.04,0.00,65.56,3 534.65,
2026.04.20 23:50:05,532,XAUUSD,sell,in,0.01,4817.40,532,-0.04,0.00,0.00,3 534.61,
2026.04.21 23:50:02,533,XAUUSD,buy,out,0.01,4713.85,533,-0.04,0.45,103.55,3 638.57,
2026.04.30 13:16:40,534,XAUUSD,sell,in,0.01,4631.30,534,-0.04,0.00,0.00,3 638.53,
2026.04.30 23:50:07,535,XAUUSD,buy,out,0.01,4619.06,535,-0.04,0.00,12.24,3 650.73,
2026.05.01 11:00:08,536,XAUUSD,buy,in,0.01,4579.09,536,-0.04,0.00,0.00,3 650.69,
2026.05.01 23:50:05,537,XAUUSD,sell,out,0.01,4613.16,537,-0.04,0.00,34.07,3 684.72,
2026.05.04 09:38:43,538,XAUUSD,buy,in,0.01,4586.76,538,-0.04,0.00,0.00,3 684.68,
2026.05.04 13:22:49,539,XAUUSD,sell,out,0.01,4526.07,539,-0.04,0.00,-60.69,3 623.95,sl 4526.20
2026.05.11 04:00:18,540,XAUUSD,buy,in,0.01,4679.15,540,-0.04,0.00,0.00,3 623.91,
2026.05.11 23:50:05,541,XAUUSD,sell,out,0.01,4736.26,541,-0.04,0.00,57.11,3 680.98,
2026.05.12 14:00:06,542,XAUUSD,buy,in,0.01,4694.66,542,-0.04,0.00,0.00,3 680.94,
2026.05.12 23:50:01,543,XAUUSD,sell,out,0.01,4715.40,543,-0.04,0.00,20.74,3 701.64,
2026.05.13 03:00:03,544,XAUUSD,sell,in,0.01,4716.65,544,-0.04,0.00,0.00,3 701.60,
2026.05.13 23:50:08,545,XAUUSD,buy,out,0.01,4689.46,545,-0.04,0.00,27.19,3 728.75,
2026.05.20 22:01:33,546,XAUUSD,sell,in,0.01,4544.20,546,-0.04,0.00,0.00,3 728.71,
2026.05.20 23:50:01,547,XAUUSD,buy,out,0.01,4543.13,547,-0.04,0.00,1.07,3 729.74,
2026.05.28 21:00:08,548,XAUUSD,sell,in,0.01,4509.28,548,-0.04,0.00,0.00,3 729.70,
2026.05.28 23:50:04,549,XAUUSD,buy,out,0.01,4495.88,549,-0.04,0.00,13.40,3 743.06,
2026.06.01 16:03:02,550,XAUUSD,buy,in,0.01,4499.20,550,-0.04,0.00,0.00,3 743.02,
2026.06.01 16:55:29,551,XAUUSD,sell,out,0.01,4450.50,551,-0.04,0.00,-48.70,3 694.28,sl 4450.54
2026.06.02 09:00:15,552,XAUUSD,sell,in,0.01,4518.38,552,-0.04,0.00,0.00,3 694.24,
2026.06.02 23:50:01,553,XAUUSD,buy,out,0.01,4489.07,553,-0.04,0.00,29.31,3 723.51,
2026.06.12 02:00:01,554,XAUUSD,sell,in,0.01,4245.01,554,-0.04,0.00,0.00,3 723.47,
2026.06.12 23:50:05,555,XAUUSD,buy,out,0.01,4215.79,555,-0.04,0.00,29.22,3 752.65,
